기관명,공고명,공고시작일,공고마감일,접수시작일,접수마감일,접수방법,접수대행,일반전형,채용인원,채용방법,전형방법,임용시기,임용조건,담당부서,연락처
부산교통공사,2024년 상반기 부산교통공사 신입사원 공개채용 공고,2024/4/9,2024/4/29,2024/4/22,2024/4/29,인터넷 접수,http://busan.saramin.co.kr,운영직,44,NCS기반 직무능력중심 채용,"1차 필기시험, 2차 인성검사, 3차 면접시험",추후 공개,"만 18세 이상(2006.12.31. 이전 출생), 공사 정년(만 60세) 범위 내, 공사가 지정한 날에 출근하거나 교육에 참가하여야하며, 직무특성에 따라 주·야간 교대(교번)근무 및 초과근로가 가능한 자, 2023.12.31.이전부터 면접시험 최종일까지 부산광역시,울산광역시,경상남도에 주민등록상 거주하는 자로서 동 기간 중 주민등록의 말소 및 거주 불명으로 등록된 사실이 없는 자 또는 2023.12.31.이전까지 부산광역시,울산광역시,경상남도에 주민등록상 주소지를 두고 있었던 기간을 모두 합산하여 총 3년(36개월) 이상인 자",경영지원처,051-640-7196
부산교통공사,2024년 상반기 부산교통공사 신입사원 공개채용 공고,2024/4/9,2024/4/29,2024/4/22,2024/4/29,인터넷 접수,http://busan.saramin.co.kr,운전직,23,NCS기반 직무능력중심 채용,"1차 필기시험, 2차 인성검사, 3차 면접시험",추후 공개,"만 18세 이상(2006.12.31. 이전 출생), 공사 정년(만 60세) 범위 내, 공사가 지정한 날에 출근하거나 교육에 참가하
여야하며, 직무특성에 따라 주·야간 교대(교번)근무 및 초과근로가 가능한 자, 「철도안전법」에 의한 ‘제2종 전기차
량 운전면허’ 소지자, 철도안전법 제11조(운전면허의 결격사유)에 해당하지 않는 자",경영지원처,051-640-7196
부산교통공사,2024년 상반기 부산교통공사 신입사원 공개채용 공고,2024/4/9,2024/4/29,2024/4/22,2024/4/29,인터넷 접수,http://busan.saramin.co.kr,토목직,4,NCS기반 직무능력중심 채용,"1차 필기시험, 2차 인성검사, 3차 면접시험",추후 공개,"만 18세 이상(2006.12.31. 이전 출생), 공사 정년(만 60세) 범위 내, 공사가 지정한 날에 출근하거나 교육에 참가하여야하며, 직무특성에 따라 주·야간 교대(교번)근무 및 초과근로가 가능한 자, 2023.12.31.이전부터 면접시험 최종일까지 부산광역시,울산광역시,경상남도에 주민등록상 거주하는 자로서 동 기간 중 주민등록의 말소 및 거주 불명으로 등록된 사실이 없는 자 또는 2023.12.31.이전까지 부산광역시,울산광역시,경상남도에 주민등록상 주소지를 두고 있었던 기간을 모두 합산하여 총 3년(36개월) 이상인 자",경영지원처,051-640-7196
부산교통공사,2024년 상반기 부산교통공사 신입사원 공개채용 공고,2024/4/9,2024/4/29,2024/4/22,2024/4/29,인터넷 접수,http://busan.saramin.co.kr,건축직,4,NCS기반 직무능력중심 채용,"1차 필기시험, 2차 인성검사, 3차 면접시험",추후 공개,"만 18세 이상(2006.12.31. 이전 출생), 공사 정년(만 60세) 범위 내, 공사가 지정한 날에 출근하거나 교육에 참가하여야하며, 직무특성에 따라 주·야간 교대(교번)근무 및 초과근로가 가능한 자, 2023.12.31.이전부터 면접시험 최종일까지 부산광역시,울산광역시,경상남도에 주민등록상 거주하는 자로서 동 기간 중 주민등록의 말소 및 거주 불명으로 등록된 사실이 없는 자 또는 2023.12.31.이전까지 부산광역시,울산광역시,경상남도에 주민등록상 주소지를 두고 있었던 기간을 모두 합산하여 총 3년(36개월) 이상인 자",경영지원처,051-640-7196
부산교통공사,2024년 상반기 부산교통공사 신입사원 공개채용 공고,2024/4/9,2024/4/29,2024/4/22,2024/4/29,인터넷 접수,http://busan.saramin.co.kr,기계직,13,NCS기반 직무능력중심 채용,"1차 필기시험, 2차 인성검사, 3차 면접시험",추후 공개,"만 18세 이상(2006.12.31. 이전 출생), 공사 정년(만 60세) 범위 내, 공사가 지정한 날에 출근하거나 교육에 참가하여야하며, 직무특성에 따라 주·야간 교대(교번)근무 및 초과근로가 가능한 자, 2023.12.31.이전부터 면접시험 최종일까지 부산광역시,울산광역시,경상남도에 주민등록상 거주하는 자로서 동 기간 중 주민등록의 말소 및 거주 불명으로 등록된 사실이 없는 자 또는 2023.12.31.이전까지 부산광역시,울산광역시,경상남도에 주민등록상 주소지를 두고 있었던 기간을 모두 합산하여 총 3년(36개월) 이상인 자",경영지원처,051-640-7196
부산교통공사,2024년 상반기 부산교통공사 신입사원 공개채용 공고,2024/4/9,2024/4/29,2024/4/22,2024/4/29,인터넷 접수,http://busan.saramin.co.kr,전기직,17,NCS기반 직무능력중심 채용,"1차 필기시험, 2차 인성검사, 3차 면접시험",추후 공개,"만 18세 이상(2006.12.31. 이전 출생), 공사 정년(만 60세) 범위 내, 공사가 지정한 날에 출근하거나 교육에 참가하여야하며, 직무특성에 따라 주·야간 교대(교번)근무 및 초과근로가 가능한 자, 2023.12.31.이전부터 면접시험 최종일까지 부산광역시,울산광역시,경상남도에 주민등록상 거주하는 자로서 동 기간 중 주민등록의 말소 및 거주 불명으로 등록된 사실이 없는 자 또는 2023.12.31.이전까지 부산광역시,울산광역시,경상남도에 주민등록상 주소지를 두고 있었던 기간을 모두 합산하여 총 3년(36개월) 이상인 자",경영지원처,051-640-7196
부산교통공사,2024년 상반기 부산교통공사 신입사원 공개채용 공고,2024/4/9,2024/4/29,2024/4/22,2024/4/29,인터넷 접수,http://busan.saramin.co.kr,신호직,15,NCS기반 직무능력중심 채용,"1차 필기시험, 2차 인성검사, 3차 면접시험",추후 공개,"만 18세 이상(2006.12.31. 이전 출생), 공사 정년(만 60세) 범위 내, 공사가 지정한 날에 출근하거나 교육에 참가하여야하며, 직무특성에 따라 주·야간 교대(교번)근무 및 초과근로가 가능한 자, 2023.12.31.이전부터 면접시험 최종일까지 부산광역시,울산광역시,경상남도에 주민등록상 거주하는 자로서 동 기간 중 주민등록의 말소 및 거주 불명으로 등록된 사실이 없는 자 또는 2023.12.31.이전까지 부산광역시,울산광역시,경상남도에 주민등록상 주소지를 두고 있었던 기간을 모두 합산하여 총 3년(36개월) 이상인 자",경영지원처,051-640-7196
부산교통공사,2024년 상반기 부산교통공사 신입사원 공개채용 공고,2024/4/9,2024/4/29,2024/4/22,2024/4/29,인터넷 접수,http://busan.saramin.co.kr,통신직,7,NCS기반 직무능력중심 채용,"1차 필기시험, 2차 인성검사, 3차 면접시험",추후 공개,"만 18세 이상(2006.12.31. 이전 출생), 공사 정년(만 60세) 범위 내, 공사가 지정한 날에 출근하거나 교육에 참가하여야하며, 직무특성에 따라 주·야간 교대(교번)근무 및 초과근로가 가능한 자, 2023.12.31.이전부터 면접시험 최종일까지 부산광역시,울산광역시,경상남도에 주민등록상 거주하는 자로서 동 기간 중 주민등록의 말소 및 거주 불명으로 등록된 사실이 없는 자 또는 2023.12.31.이전까지 부산광역시,울산광역시,경상남도에 주민등록상 주소지를 두고 있었던 기간을 모두 합산하여 총 3년(36개월) 이상인 자",경영지원처,051-640-7196
부산도시공사,2024년 상반기 부산도시공사 직원 모집공고,2024/4/9,2024/4/29,2024/4/22,2024/4/29,인터넷 접수,http://busan.saramin.co.kr,행정직,5,NCS기반 직무능력중심 채용,"1차 서류전형, 2차 필기시험, 3차 면접시험, 4차 면접시험",추후 공개,"만 18세 이상(2006.12.31 이전 출생자), 만 60세 미만, 공고일 전일 현재 주민등록 상 현주소가 부산광역시로 등재된 자 또는 공고일 전일 현재까지 부산광역시의 주민등록 상 주소지를 두고 있었던 기간을 모두 합산하여 총 3년 이상인 자, 어학능력 기준점수 이상 취득자, 직렬별 필수 자격증 소유자",경영지원실,051-810-1243
부산도시공사,2024년 상반기 부산도시공사 직원 모집공고,2024/4/9,2024/4/29,2024/4/22,2024/4/29,인터넷 접수,http://busan.saramin.co.kr,행정직_장애인,2,NCS기반 직무능력중심 채용,"1차 서류전형, 2차 필기시험, 3차 면접시험, 4차 면접시험",추후 공개,"만 18세 이상(2006.12.31 이전 출생자), 만 60세 미만, 공고일 전일 현재 주민등록 상 현주소가 부산광역시로 등재된 자 또는 공고일 전일 현재까지 부산광역시의 주민등록 상 주소지를 두고 있었던 기간을 모두 합산하여 총 3년 이상인 자, 어학능력 기준점수 이상 취득자, 직렬별 필수 자격증 소유자",경영지원실,051-810-1243
부산도시공사,2024년 상반기 부산도시공사 직원 모집공고,2024/4/9,2024/4/29,2024/4/22,2024/4/29,인터넷 접수,http://busan.saramin.co.kr,토목직,3,NCS기반 직무능력중심 채용,"1차 서류전형, 2차 필기시험, 3차 면접시험, 4차 면접시험",추후 공개,"만 18세 이상(2006.12.31 이전 출생자), 만 60세 미만, 공고일 전일 현재 주민등록 상 현주소가 부산광역시로 등재된 자 또는 공고일 전일 현재까지 부산광역시의 주민등록 상 주소지를 두고 있었던 기간을 모두 합산하여 총 3년 이상인 자, 어학능력 기준점수 이상 취득자, 기사(건설재료시험, 측량 및 지형공간정보, 콘크리트, 토목, 도시계획, 교통, 건설안전, 산업안전), 기술사(토목품질시험, 측량 및 지형공간정보, 토질 및 기초, 토목구조, 도로 및 공항, 토목시공, 항만 및 해안, 상하수도, 수자원개발, 도시계획, 교통, 건설안전) 중 1개 이상 보유한 자",경영지원실,051-810-1243
부산도시공사,2024년 상반기 부산도시공사 직원 모집공고,2024/4/9,2024/4/29,2024/4/22,2024/4/29,인터넷 접수,http://busan.saramin.co.kr,건축직,4,NCS기반 직무능력중심 채용,"1차 서류전형, 2차 필기시험, 3차 면접시험, 4차 면접시험",추후 공개,"만 18세 이상(2006.12.31 이전 출생자), 만 60세 미만, 공고일 전일 현재 주민등록 상 현주소가 부산광역시로 등재된 자 또는 공고일 전일 현재까지 부산광역시의 주민등록 상 주소지를 두고 있었던 기간을 모두 합산하여 총 3년 이상인 자, 어학능력 기준점수 이상 취득자, 기사(건축, 실내건축, 건설안전, 산업안전), 기술사(건축시공, 건축품질시험, 건축구조, 건설안전), 건축사 중 1개 이상 보유한 자",경영지원실,051-810-1243
부산도시공사,2024년 상반기 부산도시공사 직원 모집공고,2024/4/9,2024/4/29,2024/4/22,2024/4/29,인터넷 접수,http://busan.saramin.co.kr,기계직,1,NCS기반 직무능력중심 채용,"1차 서류전형, 2차 필기시험, 3차 면접시험, 4차 면접시험",추후 공개,"만 18세 이상(2006.12.31 이전 출생자), 만 60세 미만, 공고일 전일 현재 주민등록 상 현주소가 부산광역시로 등재된 자 또는 공고일 전일 현재까지 부산광역시의 주민등록 상 주소지를 두고 있었던 기간을 모두 합산하여 총 3년 이상인 자, 어학능력 기준점수 이상 취득자, 기사(건설기계설비, 일반기계, 공조냉동기계, 건축설비), 기술사(건축기계설비, 공조냉동기계, 건설기계) 중 1개 이상 보유한 자",경영지원실,051-810-1243
부산도시공사,2024년 상반기 부산도시공사 직원 모집공고,2024/4/9,2024/4/29,2024/4/22,2024/4/29,인터넷 접수,http://busan.saramin.co.kr,전기직,1,NCS기반 직무능력중심 채용,"1차 서류전형, 2차 필기시험, 3차 면접시험, 4차 면접시험",추후 공개,"만 18세 이상(2006.12.31 이전 출생자), 만 60세 미만, 공고일 전일 현재 주민등록 상 현주소가 부산광역시로 등재된 자 또는 공고일 전일 현재까지 부산광역시의 주민등록 상 주소지를 두고 있었던 기간을 모두 합산하여 총 3년 이상인 자, 어학능력 기준점수 이상 취득자, 기사(전기, 전기공사), 기술사(건축전기설비, 발송배전, 전기응용) 중 1개 이상 보유한 자",경영지원실,051-810-1243
부산도시공사,2024년 상반기 부산도시공사 직원 모집공고,2024/4/9,2024/4/29,2024/4/22,2024/4/29,인터넷 접수,http://busan.saramin.co.kr,통신직,1,NCS기반 직무능력중심 채용,"1차 서류전형, 2차 필기시험, 3차 면접시험, 4차 면접시험",추후 공개,"만 18세 이상(2006.12.31 이전 출생자), 만 60세 미만, 공고일 전일 현재 주민등록 상 현주소가 부산광역시로 등재된 자 또는 공고일 전일 현재까지 부산광역시의 주민등록 상 주소지를 두고 있었던 기간을 모두 합산하여 총 3년 이상인 자, 어학능력 기준점수 이상 취득자, 기사(정보통신, 무선설비, 방송통신, 전파전자통신), 기술사(정보통신) 중 1개 이상 보유한 자 ",경영지원실,051-810-1243
부산도시공사,2024년 상반기 부산도시공사 직원 모집공고,2024/4/9,2024/4/29,2024/4/22,2024/4/29,인터넷 접수,http://busan.saramin.co.kr,공무직_미화원,1,NCS기반 직무능력중심 채용,"1차 서류전형, 2차 필기시험, 3차 면접시험",추후 공개,"만 18세 이상(2006.12.31 이전 출생자), 만 60세 미만, 공고일 전일 현재 주민등록 상 현주소가 부산광역시로 등재된 자 또는 공고일 전일 현재까지 부산광역시의 주민등록 상 주소지를 두고 있었던 기간을 모두 합산하여 총 3년 이상인 자,신체 건강한 자로서 해당분야 종사 가능한 자",경영지원실,051-810-1243
부산도시공사,2024년 상반기 부산도시공사 직원 모집공고,2024/4/9,2024/4/29,2024/4/22,2024/4/29,인터넷 접수,http://busan.saramin.co.kr,아르피나_운영직(기능인재),1,NCS기반 직무능력중심 채용,"1차 서류전형, 2차 필기시험, 3차 면접시험",추후 공개,"만 18세 이상(2006.12.31 이전 출생자), 만 60세 미만, 공고일 전일 현재 주민등록 상 현주소가 부산광역시로 등재된 자 또는 공고일 전일 현재까지 부산광역시의 주민등록 상 주소지를 두고 있었던 기간을 모두 합산하여 총 3년 이상인 자, 해당학교의 장이 ‘추천심사위원회’를 통해 추천한 자(상세 내용 홈페이지 공고 참고)",경영지원실,051-810-1243
부산시설공단,부산시설공단 일반직 공개경쟁채용 공고,2020/6/30,2020/7/9,2020/7/10,2020/7/20,인터넷 접수,https://bisco.saramin.co.kr,행정직,5,NCS기반 직무능력중심 채용,"1차 서류전형, 2차 필기시험, 3차 면접시험, 4차 면접시험",추후 공개,"부산시 공고일 전일 거주 또는 거주기간 3년 이상, 만60세 미만, 학력 제한 없음, 병역 필 또는 면제, 분야별 자격증 소지자, 경력자의 경우 2~3년 이상 경력",인재경영팀,051-860-7666
부산시설공단,부산시설공단 일반직 공개경쟁채용 공고,2020/6/30,2020/7/9,2020/7/10,2020/7/20,인터넷 접수,https://bisco.saramin.co.kr,행정직(경력),2,NCS기반 직무능력중심 채용,"1차 서류전형, 2차 필기시험, 3차 면접시험, 4차 면접시험",추후 공개,"부산시 공고일 전일 거주 또는 거주기간 3년 이상, 만60세 미만, 학력 제한 없음, 병역 필 또는 면제, 분야별 자격증 소지자, 경력자의 경우 2~3년 이상 경력",인재경영팀,051-860-7666
부산시설공단,부산시설공단 일반직 공개경쟁채용 공고,2020/6/30,2020/7/9,2020/7/10,2020/7/20,인터넷 접수,https://bisco.saramin.co.kr,기계직,7,NCS기반 직무능력중심 채용,"1차 서류전형, 2차 필기시험, 3차 면접시험, 4차 면접시험",추후 공개,"부산시 공고일 전일 거주 또는 거주기간 3년 이상, 만60세 미만, 학력 제한 없음, 병역 필 또는 면제, 분야별 자격증 소지자, 경력자의 경우 2~3년 이상 경력",인재경영팀,051-860-7666
부산시설공단,부산시설공단 일반직 공개경쟁채용 공고,2020/6/30,2020/7/9,2020/7/10,2020/7/20,인터넷 접수,https://bisco.saramin.co.kr,전기직,11,NCS기반 직무능력중심 채용,"1차 서류전형, 2차 필기시험, 3차 면접시험, 4차 면접시험",추후 공개,"부산시 공고일 전일 거주 또는 거주기간 3년 이상, 만60세 미만, 학력 제한 없음, 병역 필 또는 면제, 분야별 자격증 소지자, 경력자의 경우 2~3년 이상 경력",인재경영팀,051-860-7666
부산시설공단,부산시설공단 일반직 공개경쟁채용 공고,2020/6/30,2020/7/9,2020/7/10,2020/7/20,인터넷 접수,https://bisco.saramin.co.kr,토목직,1,NCS기반 직무능력중심 채용,"1차 서류전형, 2차 필기시험, 3차 면접시험, 4차 면접시험",추후 공개,"부산시 공고일 전일 거주 또는 거주기간 3년 이상, 만60세 미만, 학력 제한 없음, 병역 필 또는 면제, 분야별 자격증 소지자, 경력자의 경우 2~3년 이상 경력",인재경영팀,051-860-7666
부산시설공단,부산시설공단 일반직 공개경쟁채용 공고,2020/6/30,2020/7/9,2020/7/10,2020/7/20,인터넷 접수,https://bisco.saramin.co.kr,건축직,1,NCS기반 직무능력중심 채용,"1차 서류전형, 2차 필기시험, 3차 면접시험, 4차 면접시험",추후 공개,"부산시 공고일 전일 거주 또는 거주기간 3년 이상, 만60세 미만, 학력 제한 없음, 병역 필 또는 면제, 분야별 자격증 소지자, 경력자의 경우 2~3년 이상 경력",인재경영팀,051-860-7666
부산시설공단,부산시설공단 일반직 공개경쟁채용 공고,2020/6/30,2020/7/9,2020/7/10,2020/7/20,인터넷 접수,https://bisco.saramin.co.kr,통신직,4,NCS기반 직무능력중심 채용,"1차 서류전형, 2차 필기시험, 3차 면접시험, 4차 면접시험",추후 공개,"부산시 공고일 전일 거주 또는 거주기간 3년 이상, 만60세 미만, 학력 제한 없음, 병역 필 또는 면제, 분야별 자격증 소지자, 경력자의 경우 2~3년 이상 경력",인재경영팀,051-860-7666
부산시설공단,부산시설공단 일반직 공개경쟁채용 공고,2020/6/30,2020/7/9,2020/7/10,2020/7/20,인터넷 접수,https://bisco.saramin.co.kr,전산직(경력),2,NCS기반 직무능력중심 채용,"1차 서류전형, 2차 필기시험, 3차 면접시험, 4차 면접시험",추후 공개,"부산시 공고일 전일 거주 또는 거주기간 3년 이상, 만60세 미만, 학력 제한 없음, 병역 필 또는 면제, 분야별 자격증 소지자, 경력자의 경우 2~3년 이상 경력",인재경영팀,051-860-7666
부산환경공단,2020년 상반기 부산환경공단 신규직원 채용 공고,2020/5/4,2020/5/25,2020/5/11,2020/5/25,인터넷접수,http://beco.incruit.com,일반직(기계),15,NCS기반 직무능력중심 채용,"1차 서류전형, 2차 필기시험, 3차 면접시험, 4차 면접시험",추후 공개,"공고일 전일 현재 주민등록상 현주소가 부산광역시로 등재된 자, 만18세 이상 만 60세 이하, 남성의 경우 병역필, 분야별 자격증 소지자, 장애인 및 보훈 대상자의 경우 응시자격에 해당하며 동시에 필요 자격증 취득자, 경력직의 경우 필요한 자격증 소지 또는 경력이 응시자격을 충족하는자",경영지원처,051-760-3234
부산환경공단,2020년 상반기 부산환경공단 신규직원 채용 공고,2020/5/4,2020/5/25,2020/5/11,2020/5/25,인터넷접수,http://beco.incruit.com,일반직(전기),15,NCS기반 직무능력중심 채용,"1차 서류전형, 2차 필기시험, 3차 면접시험, 4차 면접시험",추후 공개,"공고일 전일 현재 주민등록상 현주소가 부산광역시로 등재된 자, 만18세 이상 만 60세 이하, 남성의 경우 병역필, 분야별 자격증 소지자, 장애인 및 보훈 대상자의 경우 응시자격에 해당하며 동시에 필요 자격증 취득자, 경력직의 경우 필요한 자격증 소지 또는 경력이 응시자격을 충족하는자",경영지원처,051-760-3234
부산환경공단,2020년 상반기 부산환경공단 신규직원 채용 공고,2020/5/4,2020/5/25,2020/5/11,2020/5/25,인터넷접수,http://beco.incruit.com,일반직(환경),11,NCS기반 직무능력중심 채용,"1차 서류전형, 2차 필기시험, 3차 면접시험, 4차 면접시험",추후 공개,"공고일 전일 현재 주민등록상 현주소가 부산광역시로 등재된 자, 만18세 이상 만 60세 이하, 남성의 경우 병역필, 분야별 자격증 소지자, 장애인 및 보훈 대상자의 경우 응시자격에 해당하며 동시에 필요 자격증 취득자, 경력직의 경우 필요한 자격증 소지 또는 경력이 응시자격을 충족하는자",경영지원처,051-760-3234
부산환경공단,2020년 상반기 부산환경공단 신규직원 채용 공고,2020/5/4,2020/5/25,2020/5/11,2020/5/25,인터넷접수,http://beco.incruit.com,일반직(토목),6,NCS기반 직무능력중심 채용,"1차 서류전형, 2차 필기시험, 3차 면접시험, 4차 면접시험",추후 공개,"공고일 전일 현재 주민등록상 현주소가 부산광역시로 등재된 자, 만18세 이상 만 60세 이하, 남성의 경우 병역필, 분야별 자격증 소지자, 장애인 및 보훈 대상자의 경우 응시자격에 해당하며 동시에 필요 자격증 취득자, 경력직의 경우 필요한 자격증 소지 또는 경력이 응시자격을 충족하는자",경영지원처,051-760-3234
부산환경공단,2020년 상반기 부산환경공단 신규직원 채용 공고,2020/5/4,2020/5/25,2020/5/11,2020/5/25,인터넷접수,http://beco.incruit.com,일반직(시설),2,NCS기반 직무능력중심 채용,"1차 서류전형, 2차 필기시험, 3차 면접시험, 4차 면접시험",추후 공개,"공고일 전일 현재 주민등록상 현주소가 부산광역시로 등재된 자, 만18세 이상 만 60세 이하, 남성의 경우 병역필, 분야별 자격증 소지자, 장애인 및 보훈 대상자의 경우 응시자격에 해당하며 동시에 필요 자격증 취득자, 경력직의 경우 필요한 자격증 소지 또는 경력이 응시자격을 충족하는자",경영지원처,051-760-3234
부산환경공단,2020년 상반기 부산환경공단 신규직원 채용 공고,2020/5/4,2020/5/25,2020/5/11,2020/5/25,인터넷접수,http://beco.incruit.com,경력직(행정),1,NCS기반 직무능력중심 채용,"1차 서류전형, 2차 필기시험, 3차 면접시험, 4차 면접시험",추후 공개,"공고일 전일 현재 주민등록상 현주소가 부산광역시로 등재된 자, 만18세 이상 만 60세 이하, 남성의 경우 병역필, 분야별 자격증 소지자, 장애인 및 보훈 대상자의 경우 응시자격에 해당하며 동시에 필요 자격증 취득자, 경력직의 경우 필요한 자격증 소지 또는 경력이 응시자격을 충족하는자",경영지원처,051-760-3234
부산환경공단,2020년 상반기 부산환경공단 신규직원 채용 공고,2020/5/4,2020/5/25,2020/5/11,2020/5/25,인터넷접수,http://beco.incruit.com,경력직(기계),2,NCS기반 직무능력중심 채용,"1차 서류전형, 2차 필기시험, 3차 면접시험, 4차 면접시험",추후 공개,"공고일 전일 현재 주민등록상 현주소가 부산광역시로 등재된 자, 만18세 이상 만 60세 이하, 남성의 경우 병역필, 분야별 자격증 소지자, 장애인 및 보훈 대상자의 경우 응시자격에 해당하며 동시에 필요 자격증 취득자, 경력직의 경우 필요한 자격증 소지 또는 경력이 응시자격을 충족하는자",경영지원처,051-760-3234
부산환경공단,2020년 상반기 부산환경공단 신규직원 채용 공고,2020/5/4,2020/5/25,2020/5/11,2020/5/25,인터넷접수,http://beco.incruit.com,경력직(기계_안전),2,NCS기반 직무능력중심 채용,"1차 서류전형, 2차 필기시험, 3차 면접시험, 4차 면접시험",추후 공개,"공고일 전일 현재 주민등록상 현주소가 부산광역시로 등재된 자, 만18세 이상 만 60세 이하, 남성의 경우 병역필, 분야별 자격증 소지자, 장애인 및 보훈 대상자의 경우 응시자격에 해당하며 동시에 필요 자격증 취득자, 경력직의 경우 필요한 자격증 소지 또는 경력이 응시자격을 충족하는자",경영지원처,051-760-3234
부산환경공단,2020년 상반기 부산환경공단 신규직원 채용 공고,2020/5/4,2020/5/25,2020/5/11,2020/5/25,인터넷접수,http://beco.incruit.com,경력직(전기),1,NCS기반 직무능력중심 채용,"1차 서류전형, 2차 필기시험, 3차 면접시험, 4차 면접시험",추후 공개,"공고일 전일 현재 주민등록상 현주소가 부산광역시로 등재된 자, 만18세 이상 만 60세 이하, 남성의 경우 병역필, 분야별 자격증 소지자, 장애인 및 보훈 대상자의 경우 응시자격에 해당하며 동시에 필요 자격증 취득자, 경력직의 경우 필요한 자격증 소지 또는 경력이 응시자격을 충족하는자",경영지원처,051-760-3234
부산환경공단,2020년 상반기 부산환경공단 신규직원 채용 공고,2020/5/4,2020/5/25,2020/5/11,2020/5/25,인터넷접수,http://beco.incruit.com,경력직(환경),2,NCS기반 직무능력중심 채용,"1차 서류전형, 2차 필기시험, 3차 면접시험, 4차 면접시험",추후 공개,"공고일 전일 현재 주민등록상 현주소가 부산광역시로 등재된 자, 만18세 이상 만 60세 이하, 남성의 경우 병역필, 분야별 자격증 소지자, 장애인 및 보훈 대상자의 경우 응시자격에 해당하며 동시에 필요 자격증 취득자, 경력직의 경우 필요한 자격증 소지 또는 경력이 응시자격을 충족하는자",경영지원처,051-760-3234
부산환경공단,2020년 상반기 부산환경공단 신규직원 채용 공고,2020/5/4,2020/5/25,2020/5/11,2020/5/25,인터넷접수,http://beco.incruit.com,경력직(토목),1,NCS기반 직무능력중심 채용,"1차 서류전형, 2차 필기시험, 3차 면접시험, 4차 면접시험",추후 공개,"공고일 전일 현재 주민등록상 현주소가 부산광역시로 등재된 자, 만18세 이상 만 60세 이하, 남성의 경우 병역필, 분야별 자격증 소지자, 장애인 및 보훈 대상자의 경우 응시자격에 해당하며 동시에 필요 자격증 취득자, 경력직의 경우 필요한 자격증 소지 또는 경력이 응시자격을 충족하는자",경영지원처,051-760-3234
부산환경공단,2024년도 상반기 부산환경공단 신규직원 채용공고,2024/4/9,2024/4/29,2024/4/22,2024/4/29,인터넷접수,http://busan.saramin.co.kr,일반직(행정),2,NCS기반 직무능력중심 채용,"1차 서류전형, 2차 필기시험, 3차 면접시험, 4차 면접시험",추후 공개,"공고일 전일 현재 주민등록상 현주소가 부산광역시로 등재된 자, 만18세 이상 만 60세 이하, 남성의 경우 병역필, 분야별 자격증 소지자, 장애인 및 보훈 대상자의 경우 응시자격에 해당하며 동시에 필요 자격증 취득자, 경력직의 경우 필요한 자격증 소지 또는 경력이 응시자격을 충족하는자",경영지원처,051-760-3234
부산환경공단,2024년도 상반기 부산환경공단 신규직원 채용공고,2024/4/9,2024/4/29,2024/4/22,2024/4/29,인터넷접수,http://busan.saramin.co.kr,일반직(기계),3,NCS기반 직무능력중심 채용,"1차 서류전형, 2차 필기시험, 3차 면접시험, 4차 면접시험",추후 공개,"공고일 전일 현재 주민등록상 현주소가 부산광역시로 등재된 자, 만18세 이상 만 60세 이하, 남성의 경우 병역필, 분야별 자격증 소지자, 장애인 및 보훈 대상자의 경우 응시자격에 해당하며 동시에 필요 자격증 취득자, 경력직의 경우 필요한 자격증 소지 또는 경력이 응시자격을 충족하는자",경영지원처,051-760-3234
부산환경공단,2024년도 상반기 부산환경공단 신규직원 채용공고,2024/4/9,2024/4/29,2024/4/22,2024/4/29,인터넷접수,http://busan.saramin.co.kr,일반직(전기),4,NCS기반 직무능력중심 채용,"1차 서류전형, 2차 필기시험, 3차 면접시험, 4차 면접시험",추후 공개,"공고일 전일 현재 주민등록상 현주소가 부산광역시로 등재된 자, 만18세 이상 만 60세 이하, 남성의 경우 병역필, 분야별 자격증 소지자, 장애인 및 보훈 대상자의 경우 응시자격에 해당하며 동시에 필요 자격증 취득자, 경력직의 경우 필요한 자격증 소지 또는 경력이 응시자격을 충족하는자",경영지원처,051-760-3234
부산환경공단,2024년도 상반기 부산환경공단 신규직원 채용공고,2024/4/9,2024/4/29,2024/4/22,2024/4/29,인터넷접수,http://busan.saramin.co.kr,일반직(환경),5,NCS기반 직무능력중심 채용,"1차 서류전형, 2차 필기시험, 3차 면접시험, 4차 면접시험",추후 공개,"공고일 전일 현재 주민등록상 현주소가 부산광역시로 등재된 자, 만18세 이상 만 60세 이하, 남성의 경우 병역필, 분야별 자격증 소지자, 장애인 및 보훈 대상자의 경우 응시자격에 해당하며 동시에 필요 자격증 취득자, 경력직의 경우 필요한 자격증 소지 또는 경력이 응시자격을 충족하는자",경영지원처,051-760-3234
부산환경공단,2024년도 상반기 부산환경공단 신규직원 채용공고,2024/4/9,2024/4/29,2024/4/22,2024/4/29,인터넷접수,http://busan.saramin.co.kr,일반직(토목),1,NCS기반 직무능력중심 채용,"1차 서류전형, 2차 필기시험, 3차 면접시험, 4차 면접시험",추후 공개,"공고일 전일 현재 주민등록상 현주소가 부산광역시로 등재된 자, 만18세 이상 만 60세 이하, 남성의 경우 병역필, 분야별 자격증 소지자, 장애인 및 보훈 대상자의 경우 응시자격에 해당하며 동시에 필요 자격증 취득자, 경력직의 경우 필요한 자격증 소지 또는 경력이 응시자격을 충족하는자",경영지원처,051-760-3234
부산환경공단,2024년도 상반기 부산환경공단 신규직원 채용공고,2024/4/9,2024/4/29,2024/4/22,2024/4/29,인터넷접수,http://busan.saramin.co.kr,공무직(조경),1,NCS기반 직무능력중심 채용,"1차 서류전형, 2차 필기시험, 3차 면접시험, 4차 면접시험",추후 공개,"공고일 전일 현재 주민등록상 현주소가 부산광역시로 등재된 자, 만18세 이상 만 60세 이하, 남성의 경우 병역필, 분야별 자격증 소지자, 장애인 및 보훈 대상자의 경우 응시자격에 해당하며 동시에 필요 자격증 취득자, 경력직의 경우 필요한 자격증 소지 또는 경력이 응시자격을 충족하는자",경영지원처,051-760-3234
부산환경공단,2024년도 상반기 부산환경공단 신규직원 채용공고,2024/4/9,2024/4/29,2024/4/22,2024/4/29,인터넷접수,http://busan.saramin.co.kr,경력직(기계),2,NCS기반 직무능력중심 채용,"1차 서류전형, 2차 필기시험, 3차 면접시험, 4차 면접시험",추후 공개,"공고일 전일 현재 주민등록상 현주소가 부산광역시로 등재된 자, 만18세 이상 만 60세 이하, 남성의 경우 병역필, 분야별 자격증 소지자, 장애인 및 보훈 대상자의 경우 응시자격에 해당하며 동시에 필요 자격증 취득자, 경력직의 경우 필요한 자격증 소지 또는 경력이 응시자격을 충족하는자",경영지원처,051-760-3234
부산환경공단,2024년도 상반기 부산환경공단 신규직원 채용공고,2024/4/9,2024/4/29,2024/4/22,2024/4/29,인터넷접수,http://busan.saramin.co.kr,경력직(환경),1,NCS기반 직무능력중심 채용,"1차 서류전형, 2차 필기시험, 3차 면접시험, 4차 면접시험",추후 공개,"공고일 전일 현재 주민등록상 현주소가 부산광역시로 등재된 자, 만18세 이상 만 60세 이하, 남성의 경우 병역필, 분야별 자격증 소지자, 장애인 및 보훈 대상자의 경우 응시자격에 해당하며 동시에 필요 자격증 취득자, 경력직의 경우 필요한 자격증 소지 또는 경력이 응시자격을 충족하는자",경영지원처,051-760-3234
부산환경공단,2024년도 상반기 부산환경공단 신규직원 채용공고,2024/4/9,2024/4/29,2024/4/22,2024/4/29,인터넷접수,http://busan.saramin.co.kr,보훈(기계),1,NCS기반 직무능력중심 채용,"1차 서류전형, 2차 필기시험, 3차 면접시험, 4차 면접시험",추후 공개,"공고일 전일 현재 주민등록상 현주소가 부산광역시로 등재된 자, 만18세 이상 만 60세 이하, 남성의 경우 병역필, 분야별 자격증 소지자, 장애인 및 보훈 대상자의 경우 응시자격에 해당하며 동시에 필요 자격증 취득자, 경력직의 경우 필요한 자격증 소지 또는 경력이 응시자격을 충족하는자",경영지원처,051-760-3234
부산환경공단,2024년도 하반기 부산환경공단 신규직원 채용공고,2024/9/6,2024/9/26,2024/9/20,2024/9/26,인터넷접수,http://busan.saramin.co.kr,일반직(행정),1,NCS기반 직무능력중심 채용,"1차 서류전형, 2차 필기시험, 3차 면접시험, 4차 면접시험",추후 공개,"공고일 전일 현재 주민등록상 현주소가 부산광역시로 등재된 자, 만18세 이상 만 60세 이하, 남성의 경우 병역필, 분야별 자격증 소지자, 장애인 및 보훈 대상자의 경우 응시자격에 해당하며 동시에 필요 자격증 취득자, 경력직의 경우 필요한 자격증 소지 또는 경력이 응시자격을 충족하는자",경영지원처,051-760-3234
부산환경공단,2024년도 하반기 부산환경공단 신규직원 채용공고,2024/9/6,2024/9/26,2024/9/20,2024/9/26,인터넷접수,http://busan.saramin.co.kr,일반직(기계),4,NCS기반 직무능력중심 채용,"1차 서류전형, 2차 필기시험, 3차 면접시험, 4차 면접시험",추후 공개,"공고일 전일 현재 주민등록상 현주소가 부산광역시로 등재된 자, 만18세 이상 만 60세 이하, 남성의 경우 병역필, 분야별 자격증 소지자, 장애인 및 보훈 대상자의 경우 응시자격에 해당하며 동시에 필요 자격증 취득자, 경력직의 경우 필요한 자격증 소지 또는 경력이 응시자격을 충족하는자",경영지원처,051-760-3234
부산환경공단,2024년도 하반기 부산환경공단 신규직원 채용공고,2024/9/6,2024/9/26,2024/9/20,2024/9/26,인터넷접수,http://busan.saramin.co.kr,일반직(기계_안전),3,NCS기반 직무능력중심 채용,"1차 서류전형, 2차 필기시험, 3차 면접시험, 4차 면접시험",추후 공개,"공고일 전일 현재 주민등록상 현주소가 부산광역시로 등재된 자, 만18세 이상 만 60세 이하, 남성의 경우 병역필, 분야별 자격증 소지자, 장애인 및 보훈 대상자의 경우 응시자격에 해당하며 동시에 필요 자격증 취득자, 경력직의 경우 필요한 자격증 소지 또는 경력이 응시자격을 충족하는자",경영지원처,051-760-3234
부산환경공단,2024년도 하반기 부산환경공단 신규직원 채용공고,2024/9/6,2024/9/26,2024/9/20,2024/9/26,인터넷접수,http://busan.saramin.co.kr,일반직(전기),5,NCS기반 직무능력중심 채용,"1차 서류전형, 2차 필기시험, 3차 면접시험, 4차 면접시험",추후 공개,"공고일 전일 현재 주민등록상 현주소가 부산광역시로 등재된 자, 만18세 이상 만 60세 이하, 남성의 경우 병역필, 분야별 자격증 소지자, 장애인 및 보훈 대상자의 경우 응시자격에 해당하며 동시에 필요 자격증 취득자, 경력직의 경우 필요한 자격증 소지 또는 경력이 응시자격을 충족하는자",경영지원처,051-760-3234
부산환경공단,2024년도 하반기 부산환경공단 신규직원 채용공고,2024/9/6,2024/9/26,2024/9/20,2024/9/26,인터넷접수,http://busan.saramin.co.kr,일반직(환경),7,NCS기반 직무능력중심 채용,"1차 서류전형, 2차 필기시험, 3차 면접시험, 4차 면접시험",추후 공개,"공고일 전일 현재 주민등록상 현주소가 부산광역시로 등재된 자, 만18세 이상 만 60세 이하, 남성의 경우 병역필, 분야별 자격증 소지자, 장애인 및 보훈 대상자의 경우 응시자격에 해당하며 동시에 필요 자격증 취득자, 경력직의 경우 필요한 자격증 소지 또는 경력이 응시자격을 충족하는자",경영지원처,051-760-3234
부산환경공단,2024년도 하반기 부산환경공단 신규직원 채용공고,2024/9/6,2024/9/26,2024/9/20,2024/9/26,인터넷접수,http://busan.saramin.co.kr,공무직(UIS),1,NCS기반 직무능력중심 채용,"1차 서류전형, 2차 필기시험, 3차 면접시험, 4차 면접시험",추후 공개,"공고일 전일 현재 주민등록상 현주소가 부산광역시로 등재된 자, 만18세 이상 만 60세 이하, 남성의 경우 병역필, 분야별 자격증 소지자, 장애인 및 보훈 대상자의 경우 응시자격에 해당하며 동시에 필요 자격증 취득자, 경력직의 경우 필요한 자격증 소지 또는 경력이 응시자격을 충족하는자",경영지원처,051-760-3234
부산환경공단,2024년도 하반기 부산환경공단 신규직원 채용공고,2024/9/6,2024/9/26,2024/9/20,2024/9/26,인터넷접수,http://busan.saramin.co.kr,공무직(해설),1,NCS기반 직무능력중심 채용,"1차 서류전형, 2차 필기시험, 3차 면접시험, 4차 면접시험",추후 공개,"공고일 전일 현재 주민등록상 현주소가 부산광역시로 등재된 자, 만18세 이상 만 60세 이하, 남성의 경우 병역필, 분야별 자격증 소지자, 장애인 및 보훈 대상자의 경우 응시자격에 해당하며 동시에 필요 자격증 취득자, 경력직의 경우 필요한 자격증 소지 또는 경력이 응시자격을 충족하는자",경영지원처,051-760-3234
부산환경공단,2024년도 하반기 부산환경공단 신규직원 채용공고,2024/9/6,2024/9/26,2024/9/20,2024/9/26,인터넷접수,http://busan.saramin.co.kr,경력직(기계),2,NCS기반 직무능력중심 채용,"1차 서류전형, 2차 필기시험, 3차 면접시험, 4차 면접시험",추후 공개,"공고일 전일 현재 주민등록상 현주소가 부산광역시로 등재된 자, 만18세 이상 만 60세 이하, 남성의 경우 병역필, 분야별 자격증 소지자, 장애인 및 보훈 대상자의 경우 응시자격에 해당하며 동시에 필요 자격증 취득자, 경력직의 경우 필요한 자격증 소지 또는 경력이 응시자격을 충족하는자",경영지원처,051-760-3234
부산환경공단,2024년도 하반기 부산환경공단 신규직원 채용공고,2024/9/6,2024/9/26,2024/9/20,2024/9/26,인터넷접수,http://busan.saramin.co.kr,보훈(행정),1,NCS기반 직무능력중심 채용,"1차 서류전형, 2차 필기시험, 3차 면접시험, 4차 면접시험",추후 공개,"공고일 전일 현재 주민등록상 현주소가 부산광역시로 등재된 자, 만18세 이상 만 60세 이하, 남성의 경우 병역필, 분야별 자격증 소지자, 장애인 및 보훈 대상자의 경우 응시자격에 해당하며 동시에 필요 자격증 취득자, 경력직의 경우 필요한 자격증 소지 또는 경력이 응시자격을 충족하는자",경영지원처,051-760-3234
부산환경공단,2024년도 하반기 부산환경공단 신규직원 채용공고,2024/9/6,2024/9/26,2024/9/20,2024/9/26,인터넷접수,http://busan.saramin.co.kr,공무직(운전경력),2,NCS기반 직무능력중심 채용,"1차 서류전형, 2차 필기시험, 3차 면접시험, 4차 면접시험",추후 공개,"공고일 전일 현재 주민등록상 현주소가 부산광역시로 등재된 자, 만18세 이상 만 60세 이하, 남성의 경우 병역필, 분야별 자격증 소지자, 장애인 및 보훈 대상자의 경우 응시자격에 해당하며 동시에 필요 자격증 취득자, 경력직의 경우 필요한 자격증 소지 또는 경력이 응시자격을 충족하는자",경영지원처,051-760-3234
부산환경공단,2024년도 하반기 부산환경공단 신규직원 채용공고,2024/9/6,2024/9/26,2024/9/20,2024/9/26,인터넷접수,http://busan.saramin.co.kr,공무직(운전장애),1,NCS기반 직무능력중심 채용,"1차 서류전형, 2차 필기시험, 3차 면접시험, 4차 면접시험",추후 공개,"공고일 전일 현재 주민등록상 현주소가 부산광역시로 등재된 자, 만18세 이상 만 60세 이하, 남성의 경우 병역필, 분야별 자격증 소지자, 장애인 및 보훈 대상자의 경우 응시자격에 해당하며 동시에 필요 자격증 취득자, 경력직의 경우 필요한 자격증 소지 또는 경력이 응시자격을 충족하는자",경영지원처,051-760-3234
부산환경공단,2024년도 하반기 부산환경공단 신규직원 채용공고,2024/9/6,2024/9/26,2024/9/20,2024/9/26,인터넷접수,http://busan.saramin.co.kr,공무직(운전고졸),1,NCS기반 직무능력중심 채용,"1차 서류전형, 2차 필기시험, 3차 면접시험, 4차 면접시험",추후 공개,"공고일 전일 현재 주민등록상 현주소가 부산광역시로 등재된 자, 만18세 이상 만 60세 이하, 남성의 경우 병역필, 분야별 자격증 소지자, 장애인 및 보훈 대상자의 경우 응시자격에 해당하며 동시에 필요 자격증 취득자, 경력직의 경우 필요한 자격증 소지 또는 경력이 응시자격을 충족하는자",경영지원처,051-760-3234
부산관광공사,부산관광공사 일반직 공개경쟁채용 공고,2023/8/29,2023/9/19,2023/9/12,2023/9/19,인터넷 접수,https://busan.saramin.co.kr,행정직,4,NCS기반 직무능력중심 채용,"1차 필기시험, 2차 인성검사, 3차 서류심사,
 4차 면접시험, 5차 신체검사 및 최종합격",추후 공개,"부산시 공고일 전일 거주 또는 거주기간 3년 이상, 만 34세 이하인 미취업 청년, 학력 제한 없음, 병역필 또는 면제자 및 해외여행에 결격사유가 없는 자,
,  분야별 자격증 소지자, 초과근무 가능한자,  1개 충족 가능한자 (영어) 토익 800 또는 TOFEL 91 또는 New TEPS 309 이상,  (일어) JPT 800 또는 JLPT N2 이상 (중어) 新 HSK 5급이상",경영지원팀,051-780-2134
부산관광공사,부산관광공사 일반직 공개경쟁채용 공고,2024/9/6,2024/9/26,2024/9/20,2024/9/26,인터넷 접수,https://busan.saramin.co.kr,행정직,4,NCS기반 직무능력중심 채용,"1차 필기시험, 2차 인성검사, 3차 서류심사,
 4차 면접시험, 5차 신체검사 및 최종합격",추후 공개,"부산시 공고일 전일 거주 또는 거주기간 3년 이상, 만 34세 이하인 미취업 청년, 학력 제한 없음, 병역필 또는 면제자 및 해외여행에 결격사유가 없는 자,
,  분야별 자격증 소지자, 초과근무 가능한자,  1개 충족 가능한자 (영어) 토익 880 또는 TOFEL 103 또는 New TEPS 309 이상,  (일어) JPT 900 또는 JLPT N1 이상 (중어) 新 HSK 6급이상",경영지원팀,051-780-2134
